"ideal.est","ideal.prec","ideal.lo","ideal.hi","theta.est","theta.prec","theta.lo","theta.hi","cf.est","name","state","party","col","female","presvoteshare","ideal.norm","theta.norm","cf.norm","thetaD1","thetaD2","thetaD1.norm","thetaD2.norm"
0.777678179257647,674.203917173829,0.70364885605931,0.851134119721008,0.250916101698646,32.3384492203643,-0.108527683586237,0.599768635646613,0.841018783800049,"Abraham (MI)","MI","R","#FF0000",0,0.450286604072543,-0.492592095054061,-0.361852538818527,0.0861948602216066,0.410265940856953,0.373294858206508,-0.0236930362248396,0.739591817635602
-1.49060801467879,455.978446623846,-1.58137856716551,-1.40570137971959,-0.619385510087163,45.6498031996206,-0.920867744729597,-0.327593373491061,-0.781408769221349,"Akaka (HI)","HI","D","#0000FF",0,0.353589059057723,-0.698408755789431,-0.522927919850338,0.111105447857281,-0.403855398999263,0.765211537867994,-0.0163239278915454,1.62722463429927
0.789434076710292,1782.48552466745,0.7393900176246,0.833634247024264,0.78603490368097,59.5261419514796,0.541972113774178,1.04348716487239,0.883753957213559,"Alexander (TN)","TN","R","#FF0000",0,0.551688426453415,-0.470961885710342,1.03805733200113,0.238717586174709,0.733451103864921,-0.248551576916166,0.899440413476268,-0.867375889287641
1.56608233735285,392.594012178506,1.47504391972589,1.66862710474826,0.422294141177451,41.9676719149093,0.125498428790629,0.721969027490385,0.975629977297945,"Allard (CO)","CO","R","#FF0000",0,0.500620716869595,0.958028502459038,0.0864849298320793,0.56662501964642,0.534393001442359,0.570036761679453,0.330858641126264,1.24800976075248
0.981780652295933,464.974862941398,0.89207454729975,1.07595201257969,0.558588336298961,14.4474439315248,0.0354243157953585,1.06246698786336,0.966838778322065,"Allen (VA)","VA","R","#FF0000",0,0.508383132863076,-0.11705469034526,0.443040499135969,0.53524904699684,0.556615898428438,0.11119211205202,0.394335254242334,0.0622692100322116
1.54280710844494,172.959155339874,1.40287881117617,1.6934506561624,0.705777132377666,20.2633078377032,0.278315933694722,1.12582983368013,1.01816009750118,"Ashcroft (MO)","MO","R","#FF0000",0,0.513261739497638,0.915203352288332,0.82809714028058,0.718415906411836,0.831003464395143,0.368325903160382,1.1780851577603,0.726751106737737
0.857205253685774,783.204358493079,0.786252549194395,0.926130403085555,0.603018519666079,12.0615971270398,0.0416920827618044,1.1763589592787,0.902165429413039,"Ayotte (NH)","NH","R","#FF0000",1,0.473329104631961,-0.34626662094175,0.559273103984735,0.304428514769811,0.618745874908433,0.0727596996817623,0.571800887206469,-0.0370473448113945
-1.66074201182685,22.2600880984956,-2.12239393354967,-1.30118081787463,-1.13223308716122,6.29039716282451,-1.89366873862414,-0.333211992793405,-1.60608288700431,"Baldwin (WI)","WI","D","#0000FF",1,0.466509647060864,-1.10051961152133,-1.80313132615549,-2.03442474723054,-1.13573365453189,0.0587345291691502,-1.9055503967582,-0.0177524852075483
0.116703998173557,9.01461727978658,-0.494967139846216,0.819786684681713,0.116595413229583,1.06970901291072,-1.92497852018311,1.84693385823269,NA,"Barkley (MN)","MN","I","#00FF00",0,0.456805374353308,0.961090900844732,1.06549213821889,NA,0.113715939372304,-0.198994024752949,1.09001525961357,0.751623962722416
1.38891840337277,566.575613504368,1.31161174292016,1.47582640185129,0.763248608926627,48.7584525069929,0.489059769352275,1.06247775796071,0.870032976638066,"Barrasso (WY)","WY","R","#FF0000",0,0.673011167230004,0.632056538550502,0.97844672062317,0.189747120093433,0.755195414856653,-0.214281612701208,0.961550012290606,-0.778815880416658
-0.70497931853369,1986.71810731732,-0.749438813124282,-0.662060114668187,0.165480084607571,116.847514494879,-0.012435420272408,0.342259854351413,-0.469513704733087,"Baucus (MT)","MT","D","#0000FF",0,0.568218763948963,1.1584207585346,1.43630451632988,0.922553587344719,0.173522422882418,0.0625734059537884,1.47408442266345,-0.00881395727588042
-0.732059692744113,1015.02243608131,-0.793957256179523,-0.672765949581189,-0.526894395601385,9.64364320004286,-1.16443240149917,0.0965664592092863,-0.548820052886542,"Bayh (IN)","IN","D","#0000FF",0,0.552510172578471,1.09441642883078,-0.292045597088471,0.716224613321836,-0.359586182670347,0.680495879631905,0.0979499620790029,1.42997077076735
-0.873024685843667,405.764187079187,-0.97408783525743,-0.7823886610397,-0.760254563543479,21.8755236912788,-1.16341839480411,-0.349833581840203,-1.16627143065191,"Begich (AK)","AK","D","#0000FF",0,0.619943618897934,0.761246369032721,-0.874574393655785,-0.890180324613689,-0.692831002693167,0.386234309596216,-0.762268154582548,0.744805444934068
-0.798083304633535,526.96442536998,-0.890686790841451,-0.714980033294963,-0.242214968853363,24.1434987091778,-0.660029715555594,0.132658905413589,-1.18200009586993,"Bennet (CO)","CO","D","#0000FF",0,0.500620716869595,0.93836995064064,0.418589663990653,-0.931101126450434,-0.227293644938336,0.170654257691078,0.439441954807995,0.242843953704262
0.814919102878142,1645.2283986247,0.764553382938016,0.863127174986921,0.613669132911382,39.734131881715,0.322840841211077,0.919334819256341,0.639018984046286,"Bennett (UT)","UT","R","#FF0000",0,0.69248796535718,-0.424070829254524,0.587135886150394,-0.634746641578521,0.442446981569747,-0.684213803478387,0.0682276288566851,-1.99320871499751
-1.06427644417805,805.969091483082,-1.13306999104922,-0.995773458293285,0.166691434877403,54.0184050759209,-0.0929444777148787,0.438924077186347,-0.7923810191735,"Biden (DE)","DE","D","#0000FF",0,0.417439357535767,0.309223789811577,1.43932836749149,0.0825592705579635,-0.00502244864687131,-0.435185426856254,1.01319943991717,-1.16780693358373
-1.07919980221192,837.400767976675,-1.14430650582581,-1.00920255808233,-0.227936369617623,94.1985755843837,-0.436001598092947,-0.0170662915822154,-0.769748636954422,"Bingaman (NM)","NM","D","#0000FF",0,0.466768349260616,0.273952507351954,0.454232830100848,0.141441268174603,-0.203847851784153,0.194793778989836,0.499963513790808,0.299050963590454
-1.50728167245296,62.3968932056154,-1.76470446692029,-1.28982720936592,-0.919066647515221,17.7699649098219,-1.39353982006545,-0.405059260999157,-1.03522398410619,"Blumenthal (CT)","CT","D","#0000FF",0,0.4100290382252,-0.737816862976358,-1.27101142475769,-0.549238069376092,-0.946723786688864,-0.226984606006913,-1.41765170253321,-0.683027411613896
0.940055548317083,538.316990945233,0.857982234495201,1.02895308326389,0.49332058753399,25.0122842854829,0.0940395646560267,0.882780284536219,0.938101188549746,"Blunt (MO)","MO","R","#FF0000",0,0.513261739497638,-0.193826603130869,0.272295301240121,0.432683989240214,0.490899393570856,0.104444214131866,0.206625202002147,0.0448313774181796
0.821745037223413,1376.45936246433,0.770778705178367,0.873528643768928,0.279306744346697,67.9134399449317,0.0385374511283907,0.525250570954123,0.808389550113986,"Bond (MO)","MO","R","#FF0000",0,0.513261739497638,-0.411511482811648,-0.287580544011599,-0.0302595558960972,0.355677134915805,0.374010384841985,-0.179618364833671,0.741440872533582
-1.60305494607622,6.75653705080705,-2.47205539240915,-0.948382385658152,-0.72644563515784,1.28025021856829,-2.36020239673228,1.1542584723058,NA,"Booker (NJ)","NJ","D","#0000FF",0,0.4232693470726,-0.964176518650468,-0.790178352380208,NA,-0.80533412955144,0.406879199415672,-1.05267695342879,0.792875475479424
1.05443799291172,631.684281468805,0.979735071925083,1.12997944485213,0.514675510340795,6.14934879333816,-0.264109221492955,1.30706813050909,0.916700638441367,"Boozman (AR)","AR","R","#FF0000",0,0.54141947771856,0.0166308486965759,0.328161339056572,0.356304979195199,0.510158271195468,-0.0282723373116282,0.261635506229947,-0.298133059294946
-1.74599652701072,308.763815056884,-1.86598680358034,-1.64280876162719,-0.366040334838612,149.261437688197,-0.516896323594201,-0.204243714633499,-1.29460204803206,"Boxer (CA)","CA","D","#0000FF",1,0.414776314336201,-1.30201823396162,0.109488749005912,-1.22405428598353,-0.571392484438025,-0.670289380943998,-0.448794074305909,-1.71522832227436
-1.40321670068345,110.588324272692,-1.59533261248246,-1.2322995696713,-0.906226891218165,11.0379132267581,-1.48436727222041,-0.302220369684086,-0.717100226162241,"Bradley (NJ)","NJ","D","#0000FF",0,0.4232693470726,-0.491859819990209,-1.23895999177365,0.278415077152248,-0.849083571475513,0.221177581521629,-1.16560912904173,0.360483608893831
-0.58731331752089,1392.38102756412,-0.640298193709777,-0.534561500373916,0.357813593487868,22.4624817996585,-0.0395773176021832,0.755022589738096,-0.182413385892595,"Breaux (LA)","LA","D","#0000FF",0,0.545826697479396,1.43652376646329,1.91641990386855,1.66949397241175,0.328452551537227,-0.292624846995222,1.87401172978992,-0.835865640197653
1.73465565649117,36.1448219686395,1.42715865577484,2.08995226042725,-0.305015600760138,6.64859919524499,-1.04251018286514,0.468508444168194,0.690414727769084,"Brown (CO)","CO","R","#FF0000",0,0.500620716869595,1.2681942041773,-1.81621047744939,-0.451314159413607,-0.211428804714371,0.0924699954090846,-1.79947757348145,0.013887752567536
0.271650419069688,1020.16406902195,0.21106875120725,0.334409035647796,0.45990483233218,10.3920468238936,-0.203948576871817,1.06163001183921,0.795738783926807,"Brown (MA)","MA","R","#FF0000",0,0.357690388199765,-1.4236555405026,0.184877244960627,-0.07541040448617,0.5396583545991,0.601565345233159,0.345898389789964,1.32948552832818
-1.67239540658015,119.577294920833,-1.87203814874645,-1.50712541814898,-0.475482046025873,37.3836381742552,-0.7943757728544,-0.142474571774875,-1.07872193776882,"Brown (OH)","OH","D","#0000FF",0,0.490864691345012,-1.12806235203752,-0.163706753355925,-0.662405405412537,-0.549938199631335,-0.220905964799165,-0.39341327508008,-0.668873765307907
1.16031245909004,778.21278896889,1.09824355622679,1.22895389565859,0.749616539970457,47.7037199468189,0.484610947780036,1.03175123104819,1.0254414152703,"Brownback (KS)","KS","R","#FF0000",0,0.605163948713514,0.211434084843928,0.942784232553712,0.744403081517714,0.716099656379097,-0.144316559805061,0.849878418037445,-0.59801307402105
-1.02314809213582,570.547683814696,-1.10941873800459,-0.947167927321183,0.108927332695466,14.902210218712,-0.371847712012213,0.608985547433969,-0.339452733986932,"Bryan (NV)","NV","D","#0000FF",0,0.485587245161488,0.406430445223029,1.29513386666655,1.26092935775025,0.192802402216802,0.162884757275477,1.52385260063892,0.224753272399286
-1.66406928390118,121.949903492849,-1.84037773024959,-1.49830576824265,0.291315977625429,15.4497670167875,-0.185156400471843,0.804441460275546,-0.436781150515543,"Bumpers (AR)","AR","D","#0000FF",0,0.54141947771856,-1.10838360251366,1.750424239379,1.00771290291157,0.041502735989433,-0.796058120620359,1.13329675066437,-2.00807111343307
1.55402729187604,386.461896892393,1.4549986782138,1.65524416647469,0.612757804622205,38.1242225061991,0.277391011636856,0.904280258304657,0.860595128799081,"Bunning (KY)","KY","R","#FF0000",0,0.573965111433314,0.935847877086812,0.584751784782903,0.15606324415349,0.731688472854619,0.387606137951728,0.89440570325026,0.776574846075375
0.958595893969307,856.72581827915,0.893156183654561,1.02279534430395,0.557319670198745,53.529281168917,0.301713049252927,0.8108200913915,0.791678502423752,"Burns (MT)","MT","R","#FF0000",0,0.568218763948963,-0.159713379586859,0.439721575955009,-0.0899016339235851,0.475541328741017,-0.290513384860161,0.16275702675812,-0.975813063614792
1.29849101837054,607.325044761,1.22143432651749,1.37678040636873,0.904917348929427,15.1017453113458,0.373854452689401,1.39796006045225,0.874843312568014,"Burr (NC)","NC","R","#FF0000",0,0.532208054512033,0.465675088228864,1.34906249189083,0.206915309436824,0.970531064145419,0.320707117866966,1.57662633238351,0.603695242962727
-1.80622393606894,44.0192205258497,-2.11669127285296,-1.53991479888214,-0.632499966013632,13.7028475832407,-1.13196893318063,-0.100382019580255,-1.03522788881455,"Burris (IL)","IL","D","#0000FF",0,0.415388952024946,-1.44436541560009,-0.555665075877655,-0.549248228140031,-0.649208691000392,-0.0750081489491669,-0.649664145295286,-0.329161975817002
-1.16018170409119,510.130005076531,-1.24535556050256,-1.07596603366969,-0.193611109624193,59.8173068589491,-0.451227868066684,0.0585833973200283,-0.528945807957537,"Byrd (WV)","WV","D","#0000FF",0,0.54343032173751,0.0825521851980625,0.539917771846324,0.76793084694826,-0.199340536174611,-0.0797166472126522,0.511598426959373,-0.340125350159411
0.611107396926486,834.53915570284,0.54795136148667,0.682641226731487,0.17830925280732,28.4075733118323,-0.18466301299177,0.544174081927393,0.575820946345693,"Campbell (CO)","CO","R","#FF0000",0,0.500620716869595,-0.799073238402213,-0.551797358689454,-0.860301757307481,0.2367315000927,0.239905543319035,-0.519370020445515,0.394888834124088
-1.18934782396179,544.812093144013,-1.27486823267018,-1.10905961843239,-0.457080895097532,51.4106557008922,-0.730745404340275,-0.191863534046521,-1.13880398627024,"Cantwell (WA)","WA","D","#0000FF",1,0.439667426779259,0.0136182060043666,-0.117772606152192,-0.818719089160828,-0.462847438561125,0.0472425308096484,-0.168602427423673,-0.044510715307077
-1.47687700989872,194.237571250796,-1.62377256558391,-1.34768325699808,-0.696751083877591,59.1721920574592,-0.953789871142335,-0.443122941380905,-0.833094757863646,"Cardin (MD)","MD","D","#0000FF",0,0.400146709251689,-0.665955594312437,-0.716052886263033,-0.023364455955317,-0.650699229775182,0.25413458352392,-0.653511732356273,0.437221441199452
-0.870769931961371,363.82413036651,-0.977411496647561,-0.770243199941417,-0.628614922741343,9.8318070311944,-1.229426062271,0.0125045946554832,-1.09057577894796,"Carnahan (MO)","MO","D","#0000FF",1,0.513261739497638,0.766575468614656,-0.545966978717474,-0.693245192461987,-0.509618489794969,0.43186057384279,-0.289334403404283,0.851042675318137
-0.795528637373661,1186.85217716366,-0.852544694620401,-0.738438956619508,-0.083777799743098,47.4644541140035,-0.362492288129953,0.206133069027029,-0.600172973078428,"Carper (DE)","DE","D","#0000FF",0,0.417439357535767,0.944407893998219,0.814090808282925,0.582621243818947,-0.0971464272858524,-0.096294664144645,0.775396147434588,-0.378725981466791
-1.04651888939848,433.015281188976,-1.14173668763169,-0.9592659406023,-0.669781833953467,37.1964025934573,-0.992745320388494,-0.349710856402761,-0.890340380939301,"Casey (PA)","PA","D","#0000FF",0,0.466940792015851,0.351193682177675,-0.64873049426629,-0.172298695792535,-0.619806697594082,0.285207372198549,-0.573767609552165,0.509572028380166
0.136652660106864,839.935256594404,0.0698520854451091,0.206545195246751,-0.0926912430109232,22.8249467967488,-0.480096169328946,0.330642986436748,0.177347197551909,"Chafee (RI)","RI","R","#FF0000",0,0.353108552961993,-1.672044045001,-1.26075444950293,-2.28246288436556,-0.0023716484334113,0.184829697147221,-1.20233489506714,0.252562527771431
-0.0209621792024632,1500.28354916889,-0.0710454388641389,0.028641350732669,0.118999676582364,12.3344418882832,-0.413300314278495,0.676080355320721,-0.0101549529482082,"Chafee (RI)","RI","R","#FF0000",0,0.353108552961993,-1.96204674225747,-0.706955542038409,-2.95166197336015,0.191856108170131,0.168101821119774,-0.647550333448153,0.209334561728303
1.07606842778612,1174.35080370768,1.01982005572879,1.13222397830631,0.364731309112889,43.8852163062465,0.0525098727583505,0.65873928039103,1.02455564593202,"Chambliss (GA)","GA","R","#FF0000",0,0.54311048025347,0.0564296676649861,-0.0641036432118845,0.741241752260128,0.432288368928852,0.356064989306409,0.0392109653314005,0.695066607948554
0.760149640205372,140.423347949168,0.602643679326984,0.926598423983445,-0.43490437642024,1.0226055810317,-2.21669229116786,1.46337711519032,NA,"Chiesa (NJ)","NJ","R","#FF0000",0,0.4232693470726,-0.524843649707169,-2.15600900159331,NA,-0.340118223128689,0.0705064969378368,-2.16706099115805,-0.04287004289589
-0.837119660146883,732.656584817348,-0.91191731488348,-0.770870990253302,-0.190074416406265,9.97318308938601,-0.826633500236932,0.436459078456928,-0.354722079890208,"Cleland (GA)","GA","D","#0000FF",0,0.54311048025347,0.846107718616159,0.548746294992478,1.22120355335276,0.104177789075661,1.10138520832072,1.29508235958638,2.40997904706333
-1.48155497130516,247.483698930264,-1.60596878509638,-1.3626349153212,-0.762440942203289,53.2878071757339,-1.02427964589821,-0.492750021498056,-1.16155107078556,"Clinton (NY)","NY","D","#0000FF",1,0.367506109043404,-0.677011932820648,-0.880032173964958,-0.877899504339904,-0.700936520933691,0.241798553664778,-0.783191251406536,0.408497948978219
1.08398785299323,709.463119547583,1.01365495675692,1.16138879463641,0.747085272331982,32.2748931470367,0.402360234608528,1.05934397420673,1.04573386260702,"Coats (IN)","IN","R","#FF0000",0,0.552510172578471,0.0710009775800053,0.936162251528824,0.816827249640497,0.74899747768721,0.00834786426370004,0.943846467155653,-0.2034995967087
2.23600801081535,89.8789130156867,2.0522141859348,2.46580439519656,0.726334253471603,68.7815173430088,0.496291386413628,0.958845852008849,1.11936198712544,"Coburn (OK)","OK","R","#FF0000",0,0.626938165718582,2.1906551581523,0.881876070545094,1.07960756293656,0.651670254729016,-0.271850716862177,0.66584479702016,-0.927585232587871
0.793014537980336,1852.39725078401,0.744565632847018,0.834754818204291,0.0890894409450808,54.8415069400581,-0.166643484896371,0.365137599239253,0.891951319467526,"Cochran (MS)","MS","R","#FF0000",0,0.567432636985708,-0.464374032496233,-0.785202903095549,0.267974143168225,0.16280669485617,0.232718746401046,-0.730525940603884,0.376316804260886
0.00224686026032798,891.561067359122,-0.0614333984224796,0.0719381648406256,0.336324387839534,7.5174633092595,-0.37433805703311,1.045541231458,0.226836148252275,"Cohen (ME)","ME","R","#FF0000",0,0.426635150509702,-1.91934337705128,-0.13841822409159,-2.10583578629949,0.461642272541816,0.480492964862423,0.123056306659031,1.01661181149532
0.405872899902019,1764.1533546185,0.359114118282653,0.451746602808628,0.357989734962539,12.3908344355005,-0.206886061263567,0.909485936089069,0.876920288389064,"Coleman (MN)","MN","R","#FF0000",0,0.456805374353308,-1.17669350542772,-0.0817400935907108,0.214328079496278,0.448546926139027,0.265038997977359,0.0856512717640993,0.45983839034592
0.186599541044242,3922.72749191535,0.154750404060089,0.216474565000358,-0.422985819294546,76.3281314883111,-0.650153427068152,-0.195350195421641,0.496324705523379,"Collins (ME)","ME","R","#FF0000",1,0.426635150509702,-1.58014451158866,-2.12482918562651,-1.14402550018132,-0.120303557695248,0.979942881728972,-1.5391909846644,2.30728398117932
-1.00720880643846,1020.82005978478,-1.0722474788151,-0.953056331623593,0.329552865014334,66.6527184273142,0.090722518486288,0.572683268568593,-0.568940740587186,"Conrad (ND)","ND","D","#0000FF",0,0.594176076414783,0.4441028676604,1.84587363929829,0.663877216845128,0.195325249171529,-0.48119265394424,1.53036492588938,-1.27493120650392
-1.07114113344169,172.247120738205,-1.22871649668214,-0.928581748195685,-0.807791402910009,17.2442220659213,-1.27979816317151,-0.313320158320829,-1.20274656288936,"Coons (DE)","DE","D","#0000FF",0,0.417439357535767,0.292999130893262,-0.993238937279484,-0.985076594422252,-0.728182184504712,0.43353267103426,-0.85352156712653,0.854936024411869
0.933996972336756,1027.03154015106,0.872437261483337,0.998083105057938,0.701092683126028,37.0108064315148,0.377376607014262,1.02000225854203,1.00086807704696,"Corker (TN)","TN","R","#FF0000",0,0.551688426453415,-0.204974052086356,0.815842278888253,0.656700324462643,0.611610477578956,-0.666332453876961,0.551419617563884,-1.94699995710694
1.33907236082916,652.403679020097,1.25561381718468,1.41214551808948,0.847698118391136,96.6972033145562,0.645212024459548,1.04717475325266,1.03112791454516,"Cornyn (TX)","TX","R","#FF0000",0,0.578141838787684,0.540342542276082,1.19937280553608,0.764698316127849,0.850995729579836,0.0319323165442173,1.23519028150891,-0.142552952875666
-1.79863818608981,101.545999251815,-2.00665644321478,-1.61832287049061,-0.742934329000685,31.4462848210813,-1.09098799848186,-0.408686974832168,-0.699531552686848,"Corzine (NJ)","NJ","D","#0000FF",0,0.4232693470726,-1.42643653326848,-0.831338500086404,0.32412297390355,-0.748205646940027,0.115900462417822,-0.905208927620148,0.115353972683432
1.11548990278163,502.838965772188,1.03135948132689,1.20224636185395,0.22596307281402,21.7160135824813,-0.204669984641521,0.610936152883194,1.03431290616563,"Coverdell (GA)","GA","R","#FF0000",0,0.54311048025347,0.128963028918439,-0.427131484938588,0.776065617703799,0.37859584610162,0.533528962122068,-0.114154255272602,1.15366676604194
-1.39095271747324,24.978844931073,-1.82246526429617,-1.07771752597,-0.31229093108957,1.16464273129669,-2.07405879328841,1.44962310147512,NA,"Cowan (MA)","MA","D","#0000FF",0,0.357690388199765,-0.462873956694192,0.243661499043998,NA,-0.32749959425831,-0.54947359141222,0.180776349754006,-1.43391809277241
1.16976800613421,865.23463105057,1.10215771915873,1.23139016210316,0.356561598565836,86.2476820181119,0.14310907217889,0.575861457777389,0.92522398019858,"Craig (ID)","ID","R","#FF0000",0,0.66083246572684,0.228831775054207,-0.0854762027149183,0.386724963840191,0.306907784346786,-0.134787589810617,-0.318921228899096,-0.573388430063268
1.26234317945956,749.265989661834,1.18640399626584,1.33059182161117,0.509699593975957,19.735348415278,0.0822599543168618,0.968424049144753,0.888822427305684,"Crapo (ID)","ID","R","#FF0000",0,0.66083246572684,0.399165038603384,0.315143978407489,0.25680706173112,0.625976449779903,0.433462005108272,0.592454018254624,0.895074999057663
2.10800602784935,34.3700490156953,1.82683291557177,2.47578872524022,0.724490984884679,3.77665939361851,-0.300587048338116,1.72918278527601,1.28471927934808,"Cruz (TX)","TX","R","#FF0000",0,0.578141838787684,1.95513849946087,0.877053945290202,1.66977119049418,0.635823222966233,-0.608473716059772,0.620579955767717,-1.79748213729791
0.4138528002822,774.88719011523,0.34323571806918,0.488971701466404,-0.10155953861665,15.6629606161855,-0.614374443824993,0.405044447797498,0.181745997249501,"DAmato (NY)","NY","R","#FF0000",0,0.367506109043404,-1.16201092449669,-1.28395455854379,-2.26676347642572,0.094516122589061,0.39911841359925,-0.925588458240082,0.806324723462896
-1.19888118392849,662.819272097204,-1.27334356374366,-1.12350170056364,-0.16367929864091,96.2043806558969,-0.365687761162118,0.0362258474735956,-0.813820140796772,"Daschle (SD)","SD","D","#0000FF",0,0.575951590281825,-0.00891384284225358,0.614635501032646,0.0267817436452102,-0.375062584892068,-0.604554683214344,0.0580001090821754,-1.56217015846783
-1.54442509546934,173.150006890654,-1.7040388973073,-1.39946824653185,-0.305360506244439,19.85210261092,-0.734686870608201,0.161367620820639,-1.25140066752412,"Dayton (MN)","MN","D","#0000FF",0,0.456805374353308,-0.825605158462847,0.260961675335162,-1.11165853552824,-0.383632666559131,-0.11204646347615,0.0358778161962092,-0.415402828940018
2.64602267747461,60.7538058539823,2.40173305572004,2.90307946463848,0.520443617263024,40.0919301878266,0.2169534157264,0.83835905192919,1.12071476073225,"DeMint (SC)","SC","R","#FF0000",0,0.5597127252242,2.94505975461633,0.343251128065031,1.08443564017663,0.492093601281266,-0.170366886352327,0.210036290163219,-0.665331999002911
0.511301651425271,1701.66852169499,0.462650503316615,0.560111176714152,-0.334962300179679,39.2806404600496,-0.648537258852506,-0.0265656854594377,0.795658201178771,"DeWine (OH)","OH","R","#FF0000",0,0.490864691345012,-0.982710359905992,-1.89455323042422,-0.0756980059959689,-0.252369128725327,0.371534526206791,-1.91641791252537,0.735042789905869
-1.33326891401491,524.810058875009,-1.41953202187753,-1.24828361441729,-0.562457351064746,137.654069830876,-0.735922304056224,-0.396296498251538,-0.624738877125573,"Dodd (CT)","CT","D","#0000FF",0,0.4100290382252,-0.326538574234956,-0.380820154593886,0.518708859804185,-0.582263679043169,0.00163107717705092,-0.476856321600431,-0.150713460321038
0.90007025695638,810.304855951076,0.832640797928149,0.968042673600126,0.389540756476505,5.32123869043337,-0.467993118820758,1.1856807792193,0.936240669342251,"Dole (NC)","NC","R","#FF0000",1,0.532208054512033,-0.267397355707231,0.00079968316208384,0.426043757352784,0.877929736969091,1.28864892846593,1.31212352598123,3.10503824978802
1.02549355367088,145.490260285375,0.882115857004379,1.20163402413967,0.592070179442738,25.3837766787544,0.210838097136535,1.00098004207935,0.599765886521193,"Dole (KS)","KS","R","#FF0000",0,0.605163948713514,-0.0366253389009982,0.530631446298684,-0.77484176600213,0.412771519169747,-0.572471416802079,-0.0165362004039791,-1.70444545007997
0.650711866207264,2099.71122740118,0.607442358811529,0.692184094247691,0.577025558436862,107.166511289525,0.3981446923854,0.766854637352061,0.604850224976737,"Domenici (NM)","NM","R","#FF0000",0,0.466768349260616,-0.726203177656878,0.491273618895037,-0.756695655925445,0.453623030610572,-0.463664800541668,0.100150457890862,-1.42326876600751
-0.562742125808263,274.027653409892,-0.686005866636699,-0.451390561216337,-0.333794000095854,3.02602844052848,-1.4415107711608,0.85698903039653,-1.09062999609982,"Donnelly (IN)","IN","D","#0000FF",0,0.552510172578471,1.49459765581839,0.18998414261596,-0.693386247618078,-0.473528585685749,-0.367833921246442,-0.196174097593068,-1.0109841575722
-1.08951658315475,863.100186159723,-1.15594906034995,-1.02195529991665,0.10818882225315,97.9171314280368,-0.0887973644630878,0.319300996808943,-0.594047312512776,"Dorgan (ND)","ND","D","#0000FF",0,0.594176076414783,0.249568846926298,1.29329034897024,0.598558193245464,-0.146009738686361,-0.916696634480411,0.649263337016367,-2.28896857023295
-1.68392766563672,308.269210491354,-1.80773053541164,-1.570332524192,-0.148178161144409,186.508785909054,-0.292334748640985,-0.0107592752805439,-0.959015963792023,"Durbin (IL)","IL","D","#0000FF",0,0.415388952024946,-1.15531878893721,0.653330446493527,-0.350969923006372,-0.278636704552152,-0.499142546082147,0.306908071635816,-1.31672614321227
-1.05033241441837,460.147893627509,-1.14605612094842,-0.957277936942674,-0.24289047943497,15.88754620557,-0.736697105960525,0.262688945557928,-1.11212670854685,"Edwards (NC)","NC","D","#0000FF",0,0.532208054512033,0.342180434767934,0.416903410635414,-0.749313606869046,-0.294089545786031,-0.236395558735385,0.267019037554607,-0.704940087780965
1.45650711311214,328.957459855488,1.35777777443657,1.56672008545876,0.622681762013938,45.4476443798279,0.323535095482779,0.917127558570315,0.510454654825894,"Ensign (NV)","NV","R","#FF0000",0,0.485587245161488,0.756416073568871,0.610713582161012,-1.09359541617662,0.562535558528736,-0.285879546224778,0.411243939649132,-0.963838356314774
1.47279895378515,688.388630780412,1.40356484746573,1.55274482318381,0.417657992089883,107.415796363234,0.230701876821177,0.616335621192486,0.89687435732031,"Enzi (WY)","WY","R","#FF0000",0,0.673011167230004,0.78639217073807,0.0743564251967818,0.285544568026721,0.481638325466437,0.160569136424644,0.180172249559716,0.189868693038196
-0.814651000513553,439.343307865428,-0.915444342727859,-0.727192954555094,0.453834125292855,18.3917546614508,-0.00125169835525274,0.904868647967178,-0.430356034369549,"Exon (NE)","NE","D","#0000FF",0,0.622640210625708,0.899212283863306,2.15611258720598,1.02442893704058,0.280807175375963,-0.888135600475005,1.7510228240771,-2.22246640969572
1.83288937038396,71.0479222161387,1.61359213855601,2.07992832619823,0.73812635187155,21.8066176600257,0.313566183005297,1.1229193380923,0.807012883282887,"Faircloth (NC)","NC","R","#FF0000",0,0.532208054512033,1.44893887336751,0.912725061248858,-0.035172908552391,0.812366891510906,0.272690613810146,1.12485238043504,0.479611599380472
-1.8075384992495,175.186355449626,-1.95528551219259,-1.66024780942876,-0.292327001938795,123.91840815208,-0.469634958305648,-0.120064681368797,-1.46670963888209,"Feingold (WI)","WI","D","#0000FF",0,0.466509647060864,-1.44747237913654,0.293496754672721,-1.67182150094751,-0.211887308482191,0.292336682629924,0.479210944255608,0.526172076779579
-1.00336424755312,1136.25397713223,-1.0599594808578,-0.94678601741397,-0.320451303144472,108.779178249214,-0.502837246692155,-0.132438176386774,-0.949978581188515,"Feinstein (CA)","CA","D","#0000FF",1,0.414776314336201,0.453189463456726,0.223291048702776,-0.327457632706156,-0.259377911657001,0.293522242084808,0.356621560212494,0.528932560352414
1.1588046012372,332.746740510381,1.05906690907964,1.27474458059335,-0.0978178887080526,6.47064013960226,-0.876002665108194,0.643710352765275,1.15712855706694,"Fischer (NE)","NE","R","#FF0000",1,0.622640210625708,0.208659708736212,-1.27416612909449,1.21439723938503,0.00848739397305498,0.510203141651309,-1.17131755137526,1.0933884752665
0.744392531327518,414.900146925068,0.646297078607438,0.839068004324938,0.485923643170499,3.71160010980639,-0.557039265358784,1.48668968863463,0.825346298121016,"Fitzgerald (IL)","IL","R","#FF0000",0,0.415388952024946,-0.553835869574065,0.252944354515777,0.0302594316907049,0.670807626541498,0.436813065636357,0.720508036802099,0.90373476736769
0.823556531950002,397.240728394084,0.732440374836243,0.925735778850508,1.42236240576051,5.98604733886778,0.594462483216422,2.20079594231264,1.16222577397845,"Flake (AZ)","AZ","R","#FF0000",0,0.532522227978187,-0.408178431437306,2.70273655451253,1.23258931293988,1.42917830556109,-0.171692864160211,2.88668836067502,-0.668758574113769
-0.979593696566807,416.775558637465,-1.07565659789238,-0.884294869482817,0.494638281044037,17.1176754727747,0.0247293434432571,0.96723655494607,-0.196904775274421,"Ford (KY)","KY","D","#0000FF",0,0.573965111433314,0.509371042438879,2.25797056902993,1.63179215442446,0.23953101557066,-0.696981324392827,1.64447503003094,-1.77737844989049
1.32980751178735,25.5256106920941,0.977744751288254,1.76432291827735,0.0895469603380236,1.25100936634618,-1.65259068788394,1.86718625533802,0.852116355734976,"Frahm (KS)","KS","R","#FF0000",1,0.605163948713514,0.523295725976466,-0.784005998946603,0.125802326104514,0.0841452349663458,-0.0821889252431019,-0.955211455714701,-0.437463625138382
-1.570318241624,84.287653828552,-1.7865053495413,-1.37260074353105,-0.877369250072284,20.8799473055595,-1.28697489676227,-0.457703539941921,-1.48262947112752,"Franken (MN)","MN","D","#0000FF",0,0.456805374353308,-0.886803480564102,-1.16692367505034,-1.71323965637008,-0.924068811872832,-0.25122686048711,-1.35917151440027,-0.73947362777404
0.906905571767344,1044.60011672455,0.8490661399076,0.967342057298544,0.236839594799244,73.5333100108524,0.00729378910915325,0.46882051021631,0.910694589112327,"Frist (TN)","TN","R","#FF0000",0,0.551688426453415,-0.254820749719732,-0.398677709009024,0.33486926377151,0.241104575993196,-0.0258039153107866,-0.506878937611583,-0.29175419432384
-1.59582378554351,91.3551732981595,-1.80544173939627,-1.39901898414682,-1.09379521277214,18.1636025319868,-1.5380999237412,-0.625900069320111,-1.13317624803011,"Gillibrand (NY)","NY","D","#0000FF",1,0.367506109043404,-0.947085706711145,-1.70718020944208,-0.804077569481867,-1.07692119414165,0.0878045091855345,-1.75373545208883,0.0499347167858249
-1.30808193430864,231.290318005562,-1.44221472222122,-1.18248257072665,-0.882426472329804,22.0510445194782,-1.29946109662156,-0.464800686556422,-0.385299116571773,"Glenn (OH)","OH","D","#0000FF",0,0.490864691345012,-0.267009273020827,-1.17954784146925,1.14165218383364,-0.855820644281767,0.229967313235053,-1.18299980320378,0.38094981993418
-1.70098746053818,4.08747265644945,-2.73390158036726,-0.952697621878126,-0.0655495496205633,1.01311115738088,-1.86938784209703,2.02398511455344,NA,"Goodwin (WV)","WV","D","#0000FF",0,0.54343032173751,-1.19563952930322,0.859593349273739,NA,0.00660211674141918,0.199646223255156,1.04320639319747,0.310349505074254
0.731087252959898,695.14059440385,0.6607815778159,0.806462024970948,0.270901773308522,48.5483888802589,-0.00374733044306075,0.556446787768512,0.73190842854642,"Gorton (WA)","WA","R","#FF0000",0,0.439667426779259,-0.578316855192337,-0.309568562142727,-0.30322227521311,0.368145904726637,0.293363444143834,-0.144003058790929,0.533034066537313
-1.04242328724414,671.188168151892,-1.11482678176791,-0.968193273459402,-0.419831837476078,36.7688355922264,-0.743219442759331,-0.1180145681418,-0.396610355918518,"Graham (FL)","FL","D","#0000FF",0,0.495026760032763,0.360873617491176,-0.0247890910097247,1.11222406787973,-0.241328482822693,0.624159856726772,0.403213269207708,1.29879669497735
1.02418833175906,969.239723267481,0.964999244565448,1.08817190127905,0.703912422922943,40.9541591324257,0.408014586231064,1.00915326886357,0.697941639963041,"Graham (SC)","SC","R","#FF0000",0,0.5597127252242,-0.0390268759428463,0.823218924149495,-0.424450452679026,0.574269469995892,-0.597663462935601,0.444760225082372,-1.7695464176523
1.81632773712652,162.174100582166,1.66792401394456,1.97996644735855,0.833571328407341,42.1477162336052,0.53948733238558,1.14162950121214,0.960608467239953,"Gramm (TX)","TX","R","#FF0000",0,0.578141838787684,1.41846637257584,1.16241609112416,0.51301293669527,0.676410038674259,-0.60365987855795,0.736510547531948,-1.7850422791997
1.39850003063263,247.805837685305,1.27963905037723,1.52765775740125,0.340870365442326,24.2603881635071,-0.0346509767643275,0.728317662769686,1.05768089066919,"Grams (MN)","MN","R","#FF0000",0,0.456805374353308,0.649686209472621,-0.126525614646551,0.859466442172808,0.443370566644139,0.265030601690776,0.0708657211127804,0.459816692768133
1.00360030446783,1323.36874758551,0.951712120749073,1.05294907985611,0.529751114332116,124.164456398048,0.352183604268499,0.703684510681168,0.692883097034083,"Grassley (IA)","IA","R","#FF0000",0,0.473264762867789,-0.0769077218822915,0.367600220213128,-0.442504497982878,0.563825527511422,0.14948328764478,0.414928556560103,0.1612207825785
1.12794258223238,775.377946254433,1.05465672181813,1.20165060945982,0.780039165525947,63.3211862515619,0.52312011848268,1.01184887898804,0.617479876697365,"Gregg (NH)","NH","R","#FF0000",0,0.473329104631961,0.151875279088602,1.02237204306161,-0.71162016530723,0.710343143488973,-0.346609578243326,0.833435739935981,-1.12077613834929
-0.709111579089688,607.52883355888,-0.795432098555795,-0.638020838953638,-1.22018833112269,19.0610591674673,-1.66496081581635,-0.757443071649085,-0.830428891726664,"Hagan (NC)","NC","D","#0000FF",1,0.532208054512033,1.14865418127119,-2.02269091453124,-0.0164287510876371,-1.12523658903448,0.796688569852406,-1.87845390381935,1.70051647078764
0.907025819418768,880.433146951201,0.838342650467177,0.970470459335947,0.27802467809416,25.9362275117364,-0.107830930260262,0.659114404756636,0.778439549379048,"Hagel (NE)","NE","R","#FF0000",0,0.622640210625708,-0.254599500607626,-0.290934522969772,-0.137151733685788,0.34636664370863,0.168419398325249,-0.206212487492325,0.210155240733325
-1.71067769182387,335.972396256388,-1.81835686732248,-1.60308044078748,-0.478020878836109,103.441199784702,-0.662746567872394,-0.289105743177387,-0.823783963360302,"Harkin (IA)","IA","D","#0000FF",0,0.473264762867789,-1.21854234273172,-0.170044352590081,0.000859161976196106,-0.588568260215546,-0.366143243184493,-0.493130587895313,-1.00704754435745
0.882565976531084,1793.06330999657,0.835120114526879,0.9273518756425,0.615310005807795,132.661788536623,0.433478447838697,0.781468713709111,0.550547397613084,"Hatch (UT)","UT","R","#FF0000",0,0.69248796535718,-0.299604275811418,0.591428529496022,-0.950503580286102,0.666340182560732,0.200831892077857,0.707747404677384,0.293915197885798
0.37515198756835,214.592293253517,0.248707692510008,0.527792044301326,0.118691988766434,21.5696249553078,-0.315748203908899,0.538873563703744,0.34794424245842,"Hatfield (OR)","OR","R","#FF0000",0,0.456554956328773,-1.233218306506,-0.707760475838262,-1.67359847010629,0.321393983112672,0.505882586349964,-0.2775434177541,1.08222335080314
-0.550903803328615,526.81484957313,-0.635165201225731,-0.468794051999871,-0.312309152357192,6.87483736086735,-1.07526142445984,0.427581794973669,-0.105635027231883,"Heflin (AL)","AL","D","#0000FF",0,0.59264860436546,1.52257747209566,0.243616013933176,1.86924595114329,0.0333939187268638,1.14396338359957,1.11236513794348,2.50911903783677
-1.04926251735998,93.212728412284,-1.25776854065882,-0.869223960412318,-0.808472693895664,2.55839153528171,-1.94786404582286,0.517748052032228,-1.41588721475608,"Heinrich (NM)","NM","D","#0000FF",0,0.466768349260616,0.344709131142022,-0.994939620054465,-1.53959830732643,-0.703013140380276,0.584785351451273,-0.788551711830922,1.20711620223295
-0.658252172820224,205.437110074143,-0.796965559194185,-0.531445259349417,-0.713605274693617,6.98762937984952,-1.44248417100207,-0.0023764047457304,-1.50491382526947,"Heitkamp (ND)","ND","D","#0000FF",1,0.594176076414783,1.26886013493037,-0.758125411234869,-1.77121619965983,-0.861229087706434,-0.563381631717073,-1.19696083346531,-1.46630188983439
1.03713716840357,249.167899000993,0.916864910398694,1.16320121042484,0.515530270569829,7.29399655211436,-0.20628067691359,1.25920123644834,0.799824575245264,"Heller (NV)","NV","R","#FF0000",0,0.485587245161488,-0.0152017236304293,0.330397454247024,-0.0608281299851011,0.596910347314243,0.581433909651924,0.509430740859214,1.2774621266556
1.85945097954291,126.307587666149,1.6866597362487,2.03443329950725,0.506416029560923,16.7970095087757,0.0257495497133303,0.969263072478762,1.01631304139509,"Helms (NC)","NC","R","#FF0000",0,0.532208054512033,1.49781078373662,0.306553934067708,0.711823724614345,0.600975624794222,0,0.521042640332436,-0.225072042148382
-1.69566978013135,21.4735914219076,-2.16849738743504,-1.33518372613876,-0.982714330333984,6.67798553803108,-1.7330688624808,-0.247526797209772,-1.3868118888722,"Hirono (HI)","HI","D","#0000FF",1,0.353589059057723,-1.1830712181206,-1.42989290141961,-1.4639538942538,-0.751231829598735,0.913232069664727,-0.913020533355442,1.97187900383255
0.806601295994286,969.146049136312,0.743314599264921,0.872632928899941,0.12708545232844,6.49972431291711,-0.62518168595972,0.91757670961172,1.2795168439907,"Hoeven (ND)","ND","R","#FF0000",0,0.594176076414783,-0.439375139699829,-0.685802562105291,1.65120359010972,0.097945947603819,-0.196418219233144,-0.915791640316028,-0.73265352453923
-1.20403238959194,397.240041435745,-1.30849687022078,-1.1107869120755,0.422093561189958,28.4512501412246,0.0756247169578747,0.792673279472272,-0.304440171546021,"Hollings (SC)","SC","D","#0000FF",0,0.5597127252242,-0.0210886917972171,2.07687973109226,1.35202050309421,0.234256147544058,-0.621530252808101,1.63085880326058,-1.60169646042598
1.13803363020508,364.036192214604,1.03447678021374,1.23746609923048,0.307780924820548,20.2493691235937,-0.138125644381286,0.730535103645265,0.839545546304574,"Hutchinson (AR)","AR","R","#FF0000",0,0.54141947771856,0.17044225630377,-0.213090008150815,0.0809368448483699,0.381955159744665,0.423333852277388,-0.104558843270798,0.86890195437855
0.915677534430862,1550.30544683899,0.865614155455467,0.966103481268622,0.56053819512158,125.104258466041,0.385407154426632,0.736460861404857,0.999402938928035,"Hutchison (TX)","TX","R","#FF0000",1,0.578141838787684,-0.238680817440508,0.448141472232743,0.651471215933378,0.521649057531803,-0.108229539160764,0.294457338555764,-0.504757450865442
1.69870404810135,408.445173419835,1.6059429027587,1.7956996139504,0.551982769830538,79.8978548978504,0.338822603986716,0.766099679546098,0.951704147218912,"Inhofe (OK)","OK","R","#FF0000",0,0.626938165718582,1.20204520799495,0.425759854787005,0.481233232674258,0.429587561395964,-0.510792093512196,0.0314964844078072,-1.54505452152673
-1.16257607106694,726.931406078683,-1.23447293556854,-1.08998696736645,-0.586011668870275,35.8052663588629,-0.927874650578534,-0.272267839808971,-0.556739404841615,"Inouye (HI)","HI","D","#0000FF",0,0.353589059057723,0.0768931107644019,-0.439617971403066,0.695621070202506,-0.411245097177486,0.610304324102966,-0.0353992498999516,1.26653515799298
1.01924220765441,1341.0237829894,0.963557552368097,1.07209117595223,0.122089785019866,34.6797352518211,-0.197242471794359,0.449025507153274,0.902469237641683,"Isakson (GA)","GA","R","#FF0000",0,0.54311048025347,-0.0481274741961453,-0.698871592665789,0.305512812679437,0.153725141205673,0.0640648223124769,-0.756466134986577,-0.0595165371375399
-0.393538921109604,1549.62926541153,-0.444865771505294,-0.343031183464607,-0.485985070159147,83.6883155041258,-0.71125749270113,-0.274654978747865,-0.179265668121982,"Jeffords (VT)","VT","R","#FF0000",0,0.367858752028369,-2.64756760159768,-2.28963982732493,-3.55522164577811,-0.322403124187431,0.625264825356291,-2.11646027593575,1.39072942565989
0.997418063294102,932.726429729184,0.935453078310306,1.06374288799639,0.733143478690428,23.7256155826243,0.314446799505858,1.11198840568442,0.903285873398899,"Johanns (NE)","NE","R","#FF0000",0,0.622640210625708,-0.0882827080404913,0.899689501060254,0.308427402743133,0.732405575799925,-0.0335460491494264,0.89645400803483,-0.311761318846339
1.59404938028904,202.330076149214,1.45460692060175,1.7333557616444,0.48917388906616,6.40996249926639,-0.276105629524346,1.20807672294165,1.32422943625401,"Johnson (WI)","WI","R","#FF0000",0,0.466509647060864,1.00948633422998,0.26144723517531,1.81078376521377,0.489098990772451,0.468074334345168,0.201482601919043,0.984519743296031
-0.958709778227377,1037.76348214541,-1.01791047893399,-0.898364351022565,-0.481064325844043,42.0823017657155,-0.790051896409699,-0.20342878232466,-0.72700191504037,"Johnson (SD)","SD","D","#0000FF",0,0.575951590281825,0.558730079523013,-0.177641602534588,0.252654146849859,-0.522477576286525,-0.0447595431909434,-0.322528075140868,-0.258730434865793
-0.925085911380015,231.698446166058,-1.06268420697569,-0.80266963906574,0.0113078706495547,7.99107979681519,-0.703844793144991,0.725726687946819,-0.0248859453407511,"Johnston (LA)","LA","D","#0000FF",0,0.545826697479396,0.638199921516097,1.05144982988927,2.07932844274471,0.0466625668284509,0.0168777236120658,1.14661602736409,-0.115212822329999
-0.911042884167231,113.240238185661,-1.109826840445,-0.757773844177094,-0.117919854437508,4.49349022440779,-1.09991000612472,0.823385913210633,-1.0841580534726,"Kaine (VA)","VA","D","#0000FF",0,0.508383132863076,0.671390546460298,0.728863195495103,-0.676548386421577,-0.100318242336773,-0.0212597675696077,0.767208615009284,-0.204013023351104
0.383591698822284,371.689963841304,0.287035895531047,0.491984189684105,-0.382454276232542,10.0047477743169,-1.01029946524631,0.259243582476713,0.894211967436492,"Kassebaum (KS)","KS","R","#FF0000",1,0.605163948713514,-1.21768969867674,-2.01879570857084,0.276042442957504,-0.26004265775467,0.354797024930566,-1.93833628049223,0.691789950416367
-1.51853754964728,48.2107293673118,-1.80773372592109,-1.25179195753524,-0.60642214751867,11.0495156543525,-1.19108260483921,-0.01585567014814,NA,"Kaufman (DE)","DE","D","#0000FF",0,0.417439357535767,-0.764420072719815,-0.490567932869339,NA,-0.541457421345447,0.406882022380379,-0.371521504566103,0.79288204853459
1.15276034859597,356.800697098617,1.06043178457067,1.26328993893579,0.304175625000563,13.8490133208513,-0.206382615429058,0.841201810462557,1.05312643501276,"Kempthorne (ID)","ID","R","#FF0000",0,0.66083246572684,0.197538613942488,-0.222521735809355,0.843211494866765,0.273388139549752,0.0664620429635509,-0.414665430292024,-0.0533216697955965
-1.74131725266701,246.949146649155,-1.86891868944341,-1.6252794023044,-0.615345466345206,201.590618182472,-0.747246568849404,-0.482423941379774,-0.884942825046025,"Kennedy (MA)","MA","D","#0000FF",0,0.357690388199765,-1.2909587923327,-0.512842900458059,-0.158256034698925,-0.622787242670427,0,-0.581461409179786,-0.154511297481146
-0.968894106184615,546.309856631078,-1.05570414015704,-0.889761492139383,-0.332911105547402,21.644217251918,-0.743350620080976,0.0801665319775905,-0.766927054714061,"Kerrey (NE)","NE","D","#0000FF",0,0.622640210625708,0.534659471069751,0.192188081288703,0.148782095010412,-0.386138945936638,-0.0200926047475727,0.0294082574921928,-0.201295374916199
-1.33204335350042,576.175201811896,-1.41535603759809,-1.24760584699738,-0.475838173282596,128.517215299039,-0.638931540731042,-0.300696016898981,-0.956070051748888,"Kerry (MA)","MA","D","#0000FF",0,0.357690388199765,-0.323641968056924,-0.164595741327236,-0.343305631009904,-0.427609694620938,0.214623178846367,-0.0776418365717152,0.345222188776709
-0.861942288244298,106.825799407614,-1.07523941345128,-0.695907402348873,-0.618894929797387,6.17609663303218,-1.43388118132799,0.133523577051686,NA,"King (ME)","ME","I","#00FF00",0,0.426635150509702,0.073736256144877,-0.918161270606879,NA,-0.698279363689411,-0.227798026829724,-0.875007706105512,0.383329681305313
0.734628693337143,409.249304779293,0.641162753640122,0.840620016686199,0.44666258846758,2.95759123557361,-0.650166505645697,1.60104562481907,0.603263983306595,"Kirk (IL)","IL","R","#FF0000",0,0.415388952024946,-0.571800798290117,0.150234567803365,-0.762356985556881,0.338317090754495,-0.628320176853563,-0.229204915479866,-1.84876911072254
-1.73510061136592,5.48940509285674,-2.68403217342359,-1.0271517677212,-0.648705646724606,4.02607579132585,-1.64492590690611,0.323164776732469,NA,"Kirk (MA)","MA","D","#0000FF",0,0.357690388199765,-1.27626579154941,-0.596118747836187,NA,-0.556054460000173,0.310259899667887,-0.409201421389851,0.567904902579112
-0.918805534493362,542.874104833352,-1.00685250044483,-0.837642618935999,-0.895094842279586,50.4327392212637,-1.15697827551665,-0.628188275146956,-1.20428424959727,"Klobuchar (MN)","MN","D","#0000FF",1,0.456805374353308,0.653043561038732,-1.21117144873005,-0.989077148327442,-0.869195049898754,0.170525405558175,-1.21752368870791,0.242543931470252
-1.04847969298101,902.915244016811,-1.11316459051156,-0.985602833249884,-0.52553229206289,89.6117295069519,-0.728382955993048,-0.31488342681176,-0.582894042743301,"Kohl (WI)","WI","D","#0000FF",0,0.466509647060864,0.346559332666658,-0.288645425833552,0.627575324435056,-0.385085133893845,0.574915316683703,0.0321285044586849,1.18413458901486
1.655193089633,392.157164053367,1.55308903604137,1.7513027147518,0.754485877806317,105.148733581983,0.554579418143866,0.941318456187903,0.925033552744799,"Kyl (AZ)","AZ","R","#FF0000",0,0.532522227978187,1.12198742047107,0.955522775986541,0.386045324282725,0.786398942377698,0.109590425487907,1.05067854695244,0.0581301518342899
-0.709879712915911,1830.71026337635,-0.758319361186348,-0.665527893777507,-0.221442023801949,67.9178785622389,-0.456985134643154,0.00876405897848103,-0.384716760572732,"Landrieu (LA)","LA","D","#0000FF",1,0.545826697479396,1.14683870079488,0.47044443761664,1.14316728216556,-0.27400942690127,-0.0939380845552856,0.318852647596034,-0.373238868005119
-1.6666438284224,320.545262217785,-1.78006156866973,-1.56354554622262,-0.580391671958542,78.3745759533225,-0.8058266911243,-0.363609651030821,-0.633548131348194,"Lautenberg (NJ)","NJ","D","#0000FF",0,0.4232693470726,-1.11446852567953,-0.425588970367566,0.495790084346977,-0.668981687007838,-0.344008777734984,-0.700704966830387,-0.955509152069195
-1.55128707913337,407.894891184071,-1.65981379911831,-1.46355215729959,-0.304927177419192,166.40342894081,-0.454029537607726,-0.153503765590247,-0.931298699703018,"Leahy (VT)","VT","D","#0000FF",0,0.367858752028369,-0.841823422709941,0.262043378872296,-0.278858739029777,-0.257896984878206,0.169266295497459,0.360444335445676,0.239612190995594
2.99110676172672,18.0310961695916,2.54224101181011,3.4770816518502,0.103889215358709,14.9965957059443,-0.405614452717763,0.583930533463612,1.18835065887573,"Lee (UT)","UT","R","#FF0000",0,0.69248796535718,3.57999562519759,-0.746485612260705,1.32582957246073,0.149846357852337,0.131284057343337,-0.767545339936096,0.114190561396146
0.922312168405987,154.599463055475,0.781948960534577,1.0997116529621,0.496605172841006,13.2379508119987,-0.0124122393583208,1.04146889143417,0.706010027808007,"LeMieux (FL)","FL","R","#FF0000",0,0.495026760032763,-0.226473453232118,0.280888016307893,-0.395654208043406,0.476320789737337,-0.447994015037433,0.164983448638826,-1.38277251994885
-1.52898213936688,482.457120677924,-1.61412773281984,-1.44166517166013,-0.597458170927018,124.541503002267,-0.76153248712318,-0.42807576923441,-0.706931147276627,"Levin (MI)","MI","D","#0000FF",0,0.450286604072543,-0.789105808553442,-0.468191472728597,0.304871668107194,-0.488858936344914,0.420699196759732,-0.235746941878795,0.825054271311001
-0.860046765311847,1139.76819983193,-0.921288783613709,-0.80319568204427,-0.330185605312568,85.8500085694869,-0.530807313181042,-0.101440672273508,-0.540545660626766,"Lieberman (CT)","CT","D","#0000FF",0,0.4100290382252,0.79191961963606,0.198991651863076,0.737751854272573,-0.179705745174563,0.515419115900599,0.562282494408487,1.04560228324876
-0.613841326156763,1809.54411592811,-0.662007306983692,-0.568936798459194,-0.308369880417259,33.5717866491202,-0.660310692888387,0.0505788916848445,-0.52470738287707,"Lincoln (AR)","AR","D","#0000FF",1,0.54141947771856,1.37382495004654,0.253449480213034,0.778957831782229,-0.234991705094782,0.296784474569411,0.419570645752775,0.536528416593465
1.16831136655907,782.5065339581,1.0997482509719,1.23767201972994,0.610066520692533,67.841739497409,0.374907567098536,0.84546538443887,0.907344808898851,"Lott (MS)","MS","R","#FF0000",0,0.567432636985708,0.226151637780497,0.577711189452727,0.322913828267378,0.453442455805298,-0.852766501265175,0.0996346710850239,-2.42878046866484
0.65457552906407,2161.48683398605,0.614120634701822,0.696384003497312,0.257292474671693,33.2434112581406,-0.0966581924834715,0.596302924401418,0.917643334363267,"Lugar (IN)","IN","R","#FF0000",0,0.552510172578471,-0.719094248988275,-0.345171481393653,0.359669480617992,0.333490931125968,0.299458643796054,-0.242990168940219,0.548785204527571
1.04524604255323,447.73014232788,0.94943563265789,1.13424586399381,0.20627741137328,19.8187901221953,-0.246791505143496,0.638217412528503,0.816133059681954,"Mack (FL)","FL","R","#FF0000",0,0.495026760032763,-0.000281838006600774,-0.478630613099323,-0.00262280861248758,0.320907952144871,0.406547164672655,-0.278931697586601,0.825522008199888
-0.373840879952619,408.441370677658,-0.478332028465646,-0.280466932991132,-0.243727425965723,12.1992243516583,-0.84868385729769,0.2851090062375,-0.18909872380641,"Manchin (WV)","WV","D","#0000FF",0,0.54343032173751,1.94106481049136,0.41481417038653,1.65210092702672,-0.233258886785092,0.0833756153949105,0.424043638619628,0.0396223798511519
-1.66844531821792,10.0443564882547,-2.30938652074858,-1.10809121630341,-0.652070084650498,4.90031477916918,-1.51165746231919,0.286843406342646,-0.949763731756878,"Markey (MA)","MA","D","#0000FF",0,0.357690388199765,-1.11872633784764,-0.60451727614279,-0.3268986653116,-0.5265947345686,0.372828735843748,-0.333155859672255,0.713591602409617
0.8473687406099,791.364331293196,0.780867828491379,0.917755095010481,0.190439197734602,18.5093969587552,-0.261702535705367,0.6600963219824,0.797282126316163,"Martinez (FL)","FL","R","#FF0000",0,0.495026760032763,-0.364365267846459,-0.520064536794023,-0.0699021832833248,0.282260691592744,0.431608825429496,-0.389322219920398,0.890286035527895
1.04143401518157,694.984815123121,0.970398834879958,1.1216918435347,0.368941090276054,134.364948691298,0.199693858121698,0.531506525177354,0.680183259515197,"McCain (AZ)","AZ","R","#FF0000",0,0.532522227978187,-0.007295760202247,-0.0530905482085439,-0.487830483180112,0.454367407319582,0.184827835978286,0.102276666386543,0.252557718162167
-0.741828531790637,404.494037318264,-0.846237541913954,-0.652517812931107,0.0559936093201785,21.366692065359,-0.384388442291686,0.462727287689545,-1.15698765235104,"McCaskill (MO)","MO","D","#0000FF",1,0.513261739497638,1.07132782635066,1.16299727091605,-0.86602699393494,-0.0527170463889988,-0.508541041070071,0.890083476578708,-1.33860981249318
1.13286250901617,1382.69143826806,1.08142987123915,1.18409001625163,0.741591977647175,96.8943276887949,0.532032049454426,0.93404181722796,0.684706610035313,"McConnell (KY)","KY","R","#FF0000",0,0.573965111433314,0.160927675702131,0.921791391405623,-0.471686550754852,0.716655792911816,-0.23822525670958,0.851466944661548,-0.840690742978072
-1.51205786006625,215.041008767984,-1.65127744879032,-1.38713526081134,-0.572224746355777,60.1944160572456,-0.815917197737011,-0.311321891763427,-0.647885373686343,"Menendez (NJ)","NJ","D","#0000FF",0,0.4232693470726,-0.749105358635727,-0.405202160634838,0.458489306151722,-0.564210055469961,0.0190356575397208,-0.430253784558749,-0.110188239940633
-1.48850100686402,111.25017159634,-1.67934794588333,-1.32147927028762,-0.947054491441117,27.0598663367337,-1.31458654489907,-0.564995260162819,-1.29419778099709,"Merkley (OR)","OR","D","#0000FF",0,0.456554956328773,-0.693428853302962,-1.34087649720961,-1.22300251642789,-0.938426849696077,0.13864074343541,-1.39623448886578,0.168302959705647
-1.28263513000247,698.81856417545,-1.35797873931349,-1.21054694228058,-0.78245366534272,100.904432732218,-0.975501072090155,-0.593569884836299,-0.801473392569914,"Mikulski (MD)","MD","D","#0000FF",1,0.400146709251689,-0.206865877657632,-0.929989232314951,0.0589039123426914,-0.753527425246057,0.145182379358762,-0.918946245761776,0.183534653427537
0.29129516366771,841.823134225836,0.229455538587313,0.359790492421307,0.349609483248604,5.62151552172291,-0.509937027568165,1.16803351157083,0.103862353146334,"Miller (GA)","GA","D","#0000FF",0,0.54311048025347,3.51311054010259,1.89594027143287,2.4142890726634,0.450734754950027,0.313330699884895,2.18966364814166,0.575055023578601
1.13927386170973,461.976766081226,1.05015025288176,1.23005481898663,0.494427881875717,6.99655525198539,-0.300706455591091,1.21240555488806,1.04205742997048,"Moran (KS)","KS","R","#FF0000",0,0.605163948713514,0.172724214545439,0.275192064114357,0.803705984820011,0.487483765966093,0.111529295016229,0.196868937004296,0.0631405539914343
-1.33040789693358,214.860438889138,-1.4696675805414,-1.2013957974734,-0.872325014900906,28.2219882604927,-1.24344340941545,-0.483288869233878,-1.06124465336132,"Moseley-Braun (IL)","IL","D","#0000FF",1,0.415388952024946,-0.319776574598653,-1.15433192783873,-0.61693527288887,-0.768699586371039,0.360651454149422,-0.958110749107165,0.68523774302239
-1.24744928366929,269.700157147528,-1.36827729076001,-1.1350970870246,-0.360162552659622,18.4264258555498,-0.79514591756749,0.0962569298697383,-0.550507950872909,"Moynihan (NY)","NY","D","#0000FF",0,0.367506109043404,-0.123704304921689,0.124161250356105,0.711833259188261,-0.231330531583259,0.214539797064849,0.429021378648301,0.345028040742035
0.962917165459676,786.871399331356,0.896055391722981,1.0344962876365,0.514797516656217,26.0733739111075,0.119575785796486,0.878801236479199,0.548024849993127,"Murkowski (AK)","AK","R","#FF0000",0,0.619943618897934,-0.151762476021711,0.328480516489002,-0.959506605396577,0.528563262352998,-0.0471792401592638,0.314206802575475,-0.346992038936908
0.443649845114363,2646.35955118918,0.40196884382894,0.478546756685706,0.15864933138565,19.1719077055232,-0.279490443374003,0.608331045259474,0.543479933895866,"Murkowski (AK)","AK","R","#FF0000",1,0.619943618897934,-1.10718598917039,-0.603229149080262,-0.975727505816821,0.198879100452257,0.215079382760851,-0.627490133183132,0.330733383436294
-1.69078827929945,20.8279450701321,-2.18191816294352,-1.30986163525023,-0.478130601421517,5.80887146205877,-1.27314664917562,0.277468552260652,-1.40187989744759,"Murphy (CT)","CT","D","#0000FF",0,0.4100290382252,-1.17153381519305,-0.170318249228902,-1.50315588529633,-0.542772318340162,-0.93495144365273,-0.374915700509857,-2.3314734826925
-1.30023126207953,633.021999391377,-1.37805177635439,-1.22536200450875,-0.678180840958185,145.260238457482,-0.845096242690471,-0.519436920432136,-1.18000467376656,"Murray (WA)","WA","D","#0000FF",1,0.439667426779259,-0.248454248269536,-0.669696640656934,-0.925909695941816,-0.686990127994403,0.03739361929569,-0.747190872262952,-0.0674431446614981
-0.198591631294222,2738.39169407176,-0.235402183419061,-0.163013509131386,-0.0811293586877115,27.367847860404,-0.441522123474039,0.301668411735894,-0.279343360610648,"Nelson (NE)","NE","D","#0000FF",0,0.622640210625708,2.35526553771623,0.820702018732331,1.41731413181511,-0.0103875952777548,0.221506303630935,0.999350173392594,0.361249012922307
-0.888588889165284,1008.7700247527,-0.950714111724813,-0.828971159655006,-0.166745151612393,50.3694218196368,-0.460217415667463,0.100956755846984,-0.619221938272337,"Nelson (FL)","FL","D","#0000FF",0,0.495026760032763,0.724460451924135,0.606982319867756,0.533062116004213,-0.147574573496221,0.0278175388484877,0.645223966643162,-0.0897403079608621
1.71761194184091,257.983598519807,1.60442370435056,1.84221060659794,0.730154576500863,51.5690311498963,0.451452998402189,0.993071411335898,0.890973534436092,"Nickles (OK)","OK","R","#FF0000",0,0.626938165718582,1.23683469994849,0.891870314624293,0.264484407981066,0.553711996816619,-0.625180540738286,0.386040663341065,-1.84065570271089
-0.604310456013588,701.142540160752,-0.678326447219533,-0.534352507744396,0.15331861601303,6.64001340449048,-0.549717227915752,0.916450282490042,0.0787009762249388,"Nunn (GA)","GA","D","#0000FF",0,0.54311048025347,1.39635111420764,1.40594626913053,2.34882746453148,0.417703135155529,0.357624324256009,2.10439781334802,0.678189304996627
-1.39549337788959,140.447338207628,-1.57788789994811,-1.2451958437073,-0.456015981484902,29.6985498400533,-0.828077654888934,-0.102479129722537,-1.35086937627314,"Obama (IL)","IL","D","#0000FF",0,0.415388952024946,-0.473605784995484,-0.115114299678194,-1.37044332516267,-0.318027985095034,0.356010250652543,0.205225791445641,0.674431059343609
0.585061707555854,90.7198748604224,0.409122800279142,0.820354897664149,-1.04234765687589,1.64719424449515,-2.44688308015596,0.680211265390712,0.173451092435563,"Packwood (OR)","OR","R","#FF0000",0,0.456554956328773,-0.846995884534305,-3.7451249906462,-2.29636816485184,-0.994004559461107,0.381809062468328,-4.03479632824121,0.761594116798406
2.52371049744648,25.5726091641898,2.17927284556044,2.93732741023663,1.06154937725946,9.12220864271896,0.414163701457547,1.70365324972583,1.38475545188093,"Paul (KY)","KY","R","#FF0000",0,0.573965111433314,2.72001202262035,1.75882331833431,2.02680237838686,1.04260256504484,0.00798246183548732,1.78248854657426,-0.204443865050535
-1.53015286890038,84.5058560718171,-1.75382939091287,-1.32831488592248,-0.508211252417274,13.559831401672,-1.02480956859473,0.0398944461622521,-0.648985576183709,"Pell (RI)","RI","D","#0000FF",0,0.353108552961993,-0.791872821980735,-0.245407522514254,0.455626941942747,-0.378705330260153,0.367019827740215,0.0485969454867246,0.700066008792312
0.885275062993929,955.919149638762,0.82112928347029,0.944063395392516,0.177112056204304,12.2942217139412,-0.384436622477994,0.740648899583948,0.929241202633953,"Portman (OH)","OH","R","#FF0000",0,0.490864691345012,-0.29461970465829,-0.55492931244564,0.401062514566248,0.259971294315756,0.72199905269311,-0.452988781864506,1.64070879468816
0.855438614105109,246.29468920338,0.737207438881804,0.991273170077227,0.0611887026014399,10.6466619577914,-0.533339848846245,0.667297215628101,0.417579833506221,"Pressler (SD)","SD","R","#FF0000",0,0.575951590281825,-0.349517141297054,-0.858193272459752,-1.42506759210573,0.077341344021982,0.0493450224241828,-0.974645823494468,-0.0975552581735376
-1.29366158973744,185.750094835022,-1.44161794063051,-1.16303021208977,0.240624035339002,4.69905067765606,-0.656414080043478,1.17475130188177,-0.252523455321574,"Pryor (AR)","AR","D","#0000FF",0,0.54141947771856,-0.232926860377407,1.62388372307675,1.48709068401466,0.106433141784972,-0.30203139145046,1.3009041912952,-0.857768052041158
-0.649189912472307,1418.62727775324,-0.699814346680019,-0.598819000451332,-0.261962991482164,21.7902078164927,-0.696070061194329,0.13717651885598,-0.717183859314607,"Pryor (AR)","AR","D","#0000FF",0,0.54141947771856,1.29027874217201,0.369293368234671,0.278197491260024,-0.22713531051528,0.330464965135286,0.439850669755746,0.614950836109521
-1.70488280579015,318.466860121558,-1.82288092526717,-1.60617844195455,-0.807459924735947,90.1290494358923,-1.00233956484852,-0.595237212281243,-0.766002364296891,"Reed (RI)","RI","D","#0000FF",0,0.353108552961993,-1.20484615842435,-0.992411479948066,0.151187834645457,-0.723173553715744,0.543448237361682,-0.840592589133581,1.11086592653175
-1.08911008764121,888.469899017158,-1.15450386020533,-1.02465804472584,0.212268371252871,167.699668449739,0.060640077179814,0.361821436467711,-0.663596437508745,"Reid (NV)","NV","D","#0000FF",0,0.485587245161488,0.250529597049972,1.55310047406889,0.417614297343956,0.0279724813725138,-0.801657178848176,1.09837056593411,-2.02110808783158
1.62066071815166,235.527563995928,1.49345356935285,1.75836985052512,0.888292449390126,7.34285501733723,0.159259245387094,1.59656992491235,1.11903367997084,"Risch (ID)","ID","R","#FF0000",0,0.66083246572684,1.05844974269824,1.30557054042092,1.07843582784882,0.82364732095001,-0.203421591647205,1.15707335755327,-0.750751551115091
-0.855364883355936,770.644551141505,-0.923650491042265,-0.789098848691322,-0.539751939888083,32.2437175781167,-0.891482903815862,-0.197120119430638,-0.698287313842307,"Robb (VA)","VA","D","#0000FF",0,0.508383132863076,0.802985224343442,-0.324141433606721,0.327360073205321,-0.429713387626642,0.354294629645873,-0.083072183051751,0.670436368409623
1.0156926801909,1427.4923323472,0.962707929609537,1.06446123227291,0.864835904189064,40.9076062514156,0.570014742104256,1.16391331075582,0.94484015028238,"Roberts (KS)","KS","R","#FF0000",0,0.605163948713514,-0.0546584108954855,1.24420650491954,0.456735484330907,0.937422644781697,0.140390183142579,1.48205673922236,0.137722496723034
-1.19195467581568,732.886269592023,-1.27024227428709,-1.12240256895243,-0.462460873334702,61.4372180885921,-0.716062946794881,-0.207561150880535,-0.487504698954721,"Rockefeller (WV)","WV","D","#0000FF",0,0.54343032173751,0.0074569246184855,-0.131202456994752,0.87574695123258,-0.463556153681594,0.171757224560087,-0.170431861970136,0.245412126823491
0.568533387064631,780.837064919692,0.499083023024592,0.637849384371869,-0.15953296168865,24.4512893615032,-0.569870936660369,0.218343246520421,0.644361246101799,"Roth (DE)","DE","R","#FF0000",0,0.417439357535767,-0.877407091655275,-1.43561726765259,-0.615679996789733,-0.0252101444902124,0.603883431506324,-1.26756988127342,1.3354758976098
1.41218681532585,206.097810331717,1.28282598240852,1.55810607168007,0.522543621117849,12.2422874028236,-0.0289111657979916,1.08979377090169,1.1424551708757,"Rubio (FL)","FL","R","#FF0000",0,0.495026760032763,0.674869145896595,0.348744891532578,1.16202761778094,0.490228395316331,-0.0137127727981144,0.204708588851722,-0.260508416491508
-0.793034310590427,588.967304556677,-0.875913155843641,-0.716504104205653,-0.170392266645053,36.4058602219045,-0.487942541833283,0.17474355165801,-1.05229531784764,"Salazar (CO)","CO","D","#0000FF",0,0.500620716869595,0.950303222939491,0.597878154621161,-0.59365205209107,-0.0954958033625908,0.299936193538529,0.779656968660519,0.54386695065399
-2.08455544973818,53.8611397758582,-2.38162066471514,-1.8324760063707,-0.33308980124425,32.8384167650141,-0.683515149302195,0.00859038589012395,-1.5785460936581,"Sanders (VT)","VT","I","#00FF00",0,0.367858752028369,-1.03482715698961,-0.147330867612007,NA,-0.425551241281422,-0.346541755045524,-0.215007553508063,-1.13495364402773
0.981398390151544,812.844821462652,0.91637496969855,1.05178406342626,0.513978768886927,52.5674542428349,0.239263976737674,0.783504142200013,0.912543375770869,"Santorum (PA)","PA","R","#FF0000",0,0.466940792015851,-0.117758031816265,0.326338612523577,0.341467621946826,0.450626476213283,-0.258929796458596,0.0915912171997353,-0.894195153205677
-1.66929375730645,301.567800025964,-1.78266991085861,-1.56051682805709,-0.611417235420867,45.1037498581203,-0.90381699307309,-0.334242733849963,-0.733048743622261,"Sarbanes (MD)","MD","D","#0000FF",0,0.400146709251689,-1.12073161941185,-0.5030369954779,0.236922292257593,-0.510011083627617,0.308561909087056,-0.290347821489254,0.563951262729246
-1.65856994440034,19.5552411837435,-2.17055976771333,-1.28353223599011,-0.553394497308956,1.6473560412554,-1.98232960272041,1.03656166170243,NA,"Schatz (HI)","HI","D","#0000FF",0,0.353589059057723,-1.09538594096622,-0.35819687085878,NA,-0.551690733575124,-0.0188771921999823,-0.397937160697893,-0.198465380723989
-1.30044014895255,549.251715625836,-1.38118446420559,-1.21789803060517,-0.253442972080365,84.5916746370035,-0.470087817172781,-0.0429357714275129,-0.677861572830928,"Schumer (NY)","NY","D","#0000FF",0,0.367506109043404,-0.248947951354559,0.390561593624753,0.38050111783368,-0.365544120611981,-0.351914221546777,0.0825704997516138,-0.973916367066746
1.65218852615303,85.2711935260229,1.4705180014558,1.8897739204986,-0.157926314712655,4.10660193238445,-1.10590417861684,0.902485569649885,1.15697570181523,"Scott (SC)","SC","R","#FF0000",0,0.5597127252242,1.11645918774193,-1.43141416181463,1.21385169580102,-0.161333214143005,0.115048913344726,-1.65638648938419,0.0722359072412658
1.4109731924964,624.238767173573,1.33500838366224,1.48904661518304,0.802828998240062,113.61611038479,0.614407679548739,0.992214128231943,0.909924789381377,"Sessions (AL)","AL","R","#FF0000",0,0.59264860436546,0.672636146164243,1.08199191000075,0.332121832463197,0.812490047107371,0.122858222295697,1.1252041572603,0.0924166248409764
-1.08554752503304,276.023285400179,-1.2102042813205,-0.97602722299247,-1.01454257661947,44.1179291169119,-1.28654501638307,-0.718128322291697,-1.15075283488255,"Shaheen (NH)","NH","D","#0000FF",1,0.473329104631961,0.258949696048313,-1.50934463548818,-0.849806054231547,-1.05556859661004,-0.0841715137820969,-1.69861714227317,-0.350498162702439
1.06956468174428,1163.21559638827,1.01346525781014,1.12619543681416,0.260336418151987,38.7598105515381,-0.0465842541259221,0.570160335232681,0.44564460178263,"Shelby (AL)","AL","R","#FF0000",0,0.59264860436546,0.0444631301062773,-0.337208302920959,-1.32490384831226,0.388540953447699,0.492554259445922,-0.0857474399145372,1.04778045668591
-1.6939115317013,55.6925857058069,-1.96969743151462,-1.45735470469649,-0.176186049068221,22.4363720465637,-0.601109048393532,0.228351807218014,-0.83694936993848,"Simon (IL)","IL","D","#0000FF",0,0.415388952024946,-1.17891560670461,0.583415338913132,-0.0333928858751743,-0.270136061183424,-0.275648162277183,0.328851120678734,-0.79633674175878
0.500676215742963,309.59157599752,0.396369282785216,0.614116430311115,0.0744217397498231,8.50674955073381,-0.579152880394788,0.71841478975071,0.685353791467078,"Simpson (WY)","WY","R","#FF0000",0,0.673011167230004,-1.00226058132485,-0.823574680744567,-0.469376746715825,-0.138771910133496,-0.651643297939161,-1.59194326369212,-1.90904042578093
0.428084954261995,2264.66198457014,0.385585198938535,0.469551787808994,-0.0217094150679871,35.132855892749,-0.367537175739326,0.305017024418533,0.67328987468632,"Smith (OR)","OR","R","#FF0000",0,0.456554956328773,-1.13582453836709,-1.07506080312378,-0.512433117524675,-0.0764561048401952,-0.043922589722335,-1.41394683657925,-0.338576243992535
1.86587095936554,149.335761384922,1.71792845786241,2.03125807031815,0.441016009815336,23.9749318467433,0.0321790030714772,0.837489244646679,0.782010838448663,"Smith (NH)","NH","R","#FF0000",0,0.473329104631961,1.50962319602631,0.135462705625558,-0.124405728450391,0.437719913467405,-0.0388254005600148,0.0547254165531488,-0.325404152110539
0.145546950448086,3850.88331968775,0.113334490486455,0.174998339684393,-0.678079116317793,74.8806232448465,-0.90094814942374,-0.453901834732615,0.335662541280974,"Snowe (ME)","ME","R","#FF0000",1,0.426635150509702,-1.6556790364749,-2.79217188253771,-1.71743211797288,-0.459108044607372,0.856274021508073,-2.50693885980336,1.98770047389784
0.0308714150188118,2887.92058187564,-0.00461123685951104,0.0656184644147383,0.25173931860458,69.1998328101619,0.00791720490999126,0.475168454200185,0.117187591908739,"Specter (PA)","PA","R","#FF0000",0,0.466940792015851,-1.8666757594329,-0.359698943265215,-2.49717377265832,0.274088370446604,0.0338087470963199,-0.412665318166263,-0.137703904732585
-1.27116373660345,475.470758235551,-1.36409710387097,-1.17959421276072,-0.583833409444152,87.7342162830161,-0.795154009977155,-0.374234294862819,-1.01305937869194,"Stabenow (MI)","MI","D","#0000FF",1,0.450286604072543,-0.1797532964367,-0.43418045885197,-0.491573072799837,-0.603816412205274,-0.0287593827847092,-0.532491249484216,-0.221475297822949
0.612206883512277,1804.62486304611,0.567727801898219,0.658788067391584,0.013902026653314,52.8784474118968,-0.273245405501491,0.279247300285866,0.42364122353531,"Stevens (AK)","AK","R","#FF0000",0,0.619943618897934,-0.797050243125411,-0.981898670537353,-1.4034343645684,-0.00831249862897161,-0.0931747653499719,-1.21930410703263,-0.465853094447922
1.10509441979813,348.878888146963,1.00618370835568,1.2053559415462,0.80374063390035,16.2311487473796,0.316929232625868,1.26504621933399,0.799029963305332,"Sununu (NH)","NH","R","#FF0000",0,0.473329104631961,0.109835907908064,1.08437681547352,-0.0636641165851926,0.728872762909145,-0.296478962443977,0.886363019572794,-0.991229233892341
0.648420494053695,545.07554903071,0.571288594213681,0.734964130599831,0.474859802975589,11.0267223642163,-0.153824408254941,1.0788762440302,0.978162538983446,"Talent (MO)","MO","R","#FF0000",0,0.513261739497638,-0.730419177291592,0.224000540468037,0.575663785165852,0.517067438031378,0.0464490788153132,0.281370579945683,-0.105038919086712
-0.868414533621024,491.160314813125,-0.960710724014095,-0.779386853182086,-0.112007022174352,27.5955857618292,-0.489700515827185,0.258453227633001,-1.22480287371856,"Tester (MT)","MT","D","#0000FF",0,0.568218763948963,0.772142440872423,0.743623191140183,-1.04245984418825,0.0834063470999363,0.777901073859208,1.24146420973643,1.65677123823073
1.33825354013438,480.384762866518,1.25161101758389,1.42437894487594,0.69378057816963,57.9143040018556,0.439171288760167,0.933485186460031,1.00166232048425,"Thomas (WY)","WY","R","#FF0000",0,0.673011167230004,0.53883595691207,0.796713278249496,0.659534995869114,0.588097697828316,-0.327890536238294,0.484258633806919,-1.07240262632507
1.08870696038684,425.936199783084,0.994767606259582,1.18824309356581,0.672670624068133,20.8532736715158,0.265152747061662,1.09276129272439,1.06173420690115,"Thompson (TN)","TN","R","#FF0000",0,0.551688426453415,0.0796838774819904,0.741488096458533,0.873932812412295,0.697744155169706,0.115110258971151,0.797448482842679,0.0723944358345949
1.08926639662639,1103.39679965031,1.02965624566324,1.14979310616835,0.900685562919639,66.9805861924976,0.65785270650426,1.13731235220674,1.14146126753545,"Thune (SD)","SD","R","#FF0000",0,0.575951590281825,0.0807132096129294,1.3379918306015,1.15848035601317,0.905426188648298,0.0735589216904562,1.39066331430852,-0.0349820053865891
1.09561380413912,556.628943545335,1.01368985139415,1.18035790524256,0.316131685653922,25.2661905776338,-0.0816401092385761,0.72009123680666,0.84560810078021,"Thurmond (SC)","SC","R","#FF0000",0,0.5597127252242,0.0923920928154438,-0.191243807874936,0.10257422831973,0.449566258746226,0.618328375583219,0.0885628535252111,1.37280433972799
1.3376217048996,298.459238719987,1.2333281387371,1.4596580511226,0.359383239417693,9.09578436042799,-0.26967674995149,0.987916274294608,1.07646629665729,"Toomey (PA)","PA","R","#FF0000",0,0.466940792015851,0.537673414583493,-0.0780945841550972,0.926511948264869,0.288204015026604,-0.42270241347959,-0.372345943493829,-1.31741428250587
-0.941620987221275,531.84304764156,-1.03108520333423,-0.855758559221338,-0.351744885402634,23.3425716792491,-0.748882374998068,0.0449701995655128,-0.591804397132004,"Torricelli (NJ)","NJ","D","#0000FF",0,0.4232693470726,0.599119352038061,0.145173977679537,0.604393519674055,-0.140190315742033,0.585602256352955,0.664285245068485,1.2090183021676
-0.879033268970613,418.498480721526,-0.976024160827218,-0.791681238637218,-0.573547600496502,26.5155497755554,-0.944491453475694,-0.177415236463388,-1.17818579036985,"Udall (CO)","CO","D","#0000FF",0,0.500620716869595,0.7470451127088,-0.408504354995709,-0.921177560950753,-0.542929511113362,0.370859658957674,-0.375321468471398,0.709006759047047
-1.41372029965182,146.84356285915,-1.60134021996266,-1.26931545247545,-0.959060656527715,30.1252199659735,-1.32659151220473,-0.610275270126815,-1.14838788646978,"Udall (NM)","NM","D","#0000FF",0,0.466768349260616,-0.516685023889698,-1.37084706571306,-0.84365323808271,-0.922427837929498,0.161378043260694,-1.35493560305159,0.221245005251963
1.47959280257577,414.14428477333,1.38817238999686,1.58034947396464,0.750422903834843,41.6540018509977,0.45032409416107,1.05088113497934,0.948893700448391,"Vitter (LA)","LA","R","#FF0000",0,0.545826697479396,0.798892481512533,0.944893739319395,0.471202689485905,0.719313858539679,-0.0826091679184016,0.859059339280606,-0.438549610954389
0.624586165630744,1116.43080318937,0.562863871428106,0.679672395008199,0.147156172654939,36.7943496926266,-0.183496291300766,0.469551580995642,0.751706966362847,"Voinovich (OH)","OH","R","#FF0000",0,0.490864691345012,-0.774273040038533,-0.633296091774887,-0.232560880477962,0.327673424096907,0.566776382937205,-0.259607068312746,1.23958433116857
-0.862756830223102,21.8618306094479,-1.36853828827713,-0.529871784824378,0.340761288717821,1.87839661863417,-1.15279147047278,1.62190044348723,NA,"Walsh (MT)","MT","D","#0000FF",0,0.568218763948963,0.78551439470265,1.87385283398686,NA,0.448434575473414,0.256580384168383,2.18372610331435,0.442916298993092
0.634262696793827,1820.12931600092,0.59075734721243,0.680069588649875,0.00129771523808336,82.2173625839407,-0.210915149231728,0.23390947853352,0.599945244295135,"Warner (VA)","VA","R","#FF0000",0,0.508383132863076,-0.756468751117024,-1.01487246981277,-0.774201634363074,0.0707605584766495,0.182269545114845,-0.993442921745096,0.245946615210912
-0.818009843811252,453.369247596763,-0.908195709038761,-0.729393225154268,-0.571305627085619,21.7984602846965,-0.98444796296531,-0.164604225241065,-0.729054204473671,"Warner (VA)","VA","D","#0000FF",0,0.508383132863076,0.891273674441629,-0.402907795460743,0.24731476629546,-0.54140783790453,0.182626663910498,-0.371393512856704,0.270720776380571
-1.62898934635702,22.1546405485162,-2.06275261537823,-1.26252814230634,-1.56845697504415,8.64705536091702,-2.26620580185262,-0.860503492654815,-1.66995917975022,"Warren (MA)","MA","D","#0000FF",1,0.357690388199765,-1.02547234467358,-2.89206170653393,-2.20060980370479,-1.65154169311559,-0.250724634064618,-3.23702621528397,-0.738304232360403
-0.692198767825789,594.865959267087,-0.774803011457551,-0.614911521540689,0.0660814245768859,14.8715974500831,-0.464128811904453,0.604627123335468,-1.23167934006226,"Webb (VA)","VA","D","#0000FF",0,0.508383132863076,1.18862752654115,1.18817913007096,-1.06035014274106,0.106393689597164,0.204599346808839,1.30080235179267,0.321882470500695
-2.40544163572983,71.9515375432809,-2.65379526414854,-2.19297946748918,-0.510597469743846,49.4634757153961,-0.779607166658506,-0.244595819593265,-1.344845818848,"Wellstone (MN)","MN","D","#0000FF",0,0.456805374353308,-2.86061346724993,-0.251364153073163,-1.35477201444877,-0.8350267821607,-0.791317060199393,-1.12932377934037,-1.99703192062331
-1.73260311854865,109.494515687933,-1.93168742271842,-1.57339320776075,-0.992475197876101,31.8886275741299,-1.33662372492199,-0.642437833771867,-1.05180530408181,"Whitehouse (RI)","RI","D","#0000FF",0,0.353108552961993,-1.27036297970246,-1.45425861247006,-0.592377197808722,-0.992313547385074,-0.0719860343563912,-1.53533436623511,-0.3221252155312
0.962009287250186,1076.47037152289,0.904840552918735,1.02084582969107,0.843201537613235,12.4040994013886,0.256471953420543,1.36336700223018,1.05031043643791,"Wicker (MS)","MS","R","#FF0000",0,0.567432636985708,-0.15343292234952,1.18760942179288,0.833161137172875,0.896862670269837,0.502617916353159,1.36620281560025,1.07378683181338
-1.24944582983216,586.938321179653,-1.32789248069827,-1.17040510032564,-0.204406954969034,64.4892966233971,-0.44574430853357,0.0468694712919574,-0.616985474380597,"Wyden (OR)","OR","D","#0000FF",0,0.456554956328773,-0.128423131843516,0.51296848203343,0.538880657785119,-0.271300626516081,-0.23241483628525,0.325844981837268,-0.69567128317876
